createDate,active,firstName,lastName,dob,address1,city,state,postalCode,phone,hireDate,positionId,username,password
2013-08-08T10:34:00,true,Lillith,Howe,1963-03-12,6825 Laoreet Road,Rae Lakes,ID,99052,1-521-160-6064,2007-06-02,2,lillith,$2a$10$wNKXf02kjX26Y8.Nynqu5.kU29L40LSR.O90NHtFN2IwOubHt4pJq
2013-08-08T10:34:00,true,Charles,Cross,1956-08-15,2723 Metus Rd.,Hulst,VT,14314,1-289-532-4252,2010-02-22,1,charles,$2a$10$wNKXf02kjX26Y8.Nynqu5.kU29L40LSR.O90NHtFN2IwOubHt4pJq
2013-08-08T10:34:00,true,Kaye,Odom,1981-05-31,5126 Quisque Av.,Canberra,AK,49354,1-390-609-5638,2007-02-21,1,kaye,$2a$10$wNKXf02kjX26Y8.Nynqu5.kU29L40LSR.O90NHtFN2IwOubHt4pJq
2013-08-08T10:34:00,true,Karyn,Daniels,1975-05-11,Ap #552-5214 Nullam Av.,Henley-on-Thames,CA,72009,1-339-303-7003,2004-08-10,2,karyn,$2a$10$wNKXf02kjX26Y8.Nynqu5.kU29L40LSR.O90NHtFN2IwOubHt4pJq
2013-08-08T10:34:00,true,Xyla,Serrano,1982-04-02,9596 Nulla St.,Millport,IA,75008,1-259-707-0865,2011-07-12,1,xyla,$2a$10$wNKXf02kjX26Y8.Nynqu5.kU29L40LSR.O90NHtFN2IwOubHt4pJq
2013-08-08T10:34:00,true,Hayden,Copeland,1977-07-15,9704 Mi Ave,Hudson Bay,WI,39137,1-711-547-6377,2005-11-29,3,hayden,$2a$10$wNKXf02kjX26Y8.Nynqu5.kU29L40LSR.O90NHtFN2IwOubHt4pJq
2013-08-08T10:34:00,true,Xena,Hurley,1976-11-26,Ap #671-1297 Sollicitudin Street,Provo,IL,88111,1-475-320-7696,2010-03-15,4,xena,$2a$10$wNKXf02kjX26Y8.Nynqu5.kU29L40LSR.O90NHtFN2IwOubHt4pJq
2013-08-08T10:34:00,true,Tarik,Norris,1964-11-06,594-5118 Congue, Assiniboia,CT,76607,1-934-940-7377,1991-11-14,2,tarik,$2a$10$wNKXf02kjX26Y8.Nynqu5.kU29L40LSR.O90NHtFN2IwOubHt4pJq
2013-08-08T10:34:00,true,Lareina,Johns,1986-04-01,4972 Quis Ave,Pugwash,PA,62256,1-179-343-5192,2002-09-15,3,lareina,$2a$10$wNKXf02kjX26Y8.Nynqu5.kU29L40LSR.O90NHtFN2IwOubHt4pJq
2013-08-08T10:34:00,true,Edward,Soto,1958-08-31,499 Malesuada. Rd.,Alnwick,HI,36267,1-835-884-2037,2012-04-09,3,edward,$2a$10$wNKXf02kjX26Y8.Nynqu5.kU29L40LSR.O90NHtFN2IwOubHt4pJq
2013-08-08T10:34:00,true,Maite,Palmer,1984-01-20,Ap #937-6208 Amet Ave,Rutland,NH,34611,1-729-850-1845,2001-07-11,3,maite,$2a$10$wNKXf02kjX26Y8.Nynqu5.kU29L40LSR.O90NHtFN2IwOubHt4pJq
2013-08-08T10:34:00,true,Hedley,Bender,1959-10-27,3104 Erat Avenue,Lawton,FL,81347,1-520-258-5345,2011-09-19,5,hedley,$2a$10$wNKXf02kjX26Y8.Nynqu5.kU29L40LSR.O90NHtFN2IwOubHt4pJq
2013-08-08T10:34:00,true,Jana,Vang,1955-01-20,989-8878 Iaculis Road,Blackwood,OK,39485,1-211-699-0718,1993-06-11,1,jana,$2a$10$wNKXf02kjX26Y8.Nynqu5.kU29L40LSR.O90NHtFN2IwOubHt4pJq
2013-08-08T10:34:00,true,Erin,Terry,1962-01-25,695 Euismod Ave,Springfield,AL,72180,1-354-382-7787,2002-04-25,4,erin,$2a$10$wNKXf02kjX26Y8.Nynqu5.kU29L40LSR.O90NHtFN2IwOubHt4pJq
2013-08-08T10:34:00,true,Jelani,Cameron,1966-08-05,684-2782 Nec, Eugene,NM,80136,1-279-322-4041,2008-02-24,4,jelani,$2a$10$wNKXf02kjX26Y8.Nynqu5.kU29L40LSR.O90NHtFN2IwOubHt4pJq
2013-08-08T10:34:00,true,Maryam,Rhodes,1977-12-16,Ap #635-2176 Imperdiet Avenue,Yorkton,IN,42365,1-127-343-3617,1991-07-02,3,maryam,$2a$10$wNKXf02kjX26Y8.Nynqu5.kU29L40LSR.O90NHtFN2IwOubHt4pJq
2013-08-08T10:34:00,true,Candice,Horn,1969-10-01,993-2089 Donec Avenue,Moffat,GA,18280,1-923-266-2886,2012-06-29,5,candice,$2a$10$wNKXf02kjX26Y8.Nynqu5.kU29L40LSR.O90NHtFN2IwOubHt4pJq
2013-08-08T10:34:00,true,Kiayada,Roman,1978-08-29,Ap #167-6950 Tincidunt St.,Salt Lake City,WI,91614,1-187-469-0720,2004-07-31,5,kiayada,$2a$10$wNKXf02kjX26Y8.Nynqu5.kU29L40LSR.O90NHtFN2IwOubHt4pJq
2013-08-08T10:34:00,true,Cade,Cotton,1961-12-19,276-8550 Vehicula Ave,Mount Gambier,CA,46294,1-192-792-4133,1992-02-10,3,cade,$2a$10$wNKXf02kjX26Y8.Nynqu5.kU29L40LSR.O90NHtFN2IwOubHt4pJq
2013-08-08T10:34:00,true,Finn,Santiago,1968-07-09,Ap #505-2709 Lorem. Rd.,Brodick,MD,56505,1-164-124-0047,2008-08-05,1,finn,$2a$10$wNKXf02kjX26Y8.Nynqu5.kU29L40LSR.O90NHtFN2IwOubHt4pJq
2013-08-08T10:34:00,true,Kelsie,Heath,1977-08-10,Ap #728-9804 Nec Road,Abergavenny,KY,13646,1-483-538-9701,2010-05-13,2,kelsie,$2a$10$wNKXf02kjX26Y8.Nynqu5.kU29L40LSR.O90NHtFN2IwOubHt4pJq
2013-08-08T10:34:00,true,Naomi,Allen,1977-04-07,322-4607 Sapien. Rd.,Banbury,MS,10536,1-341-655-5024,2001-07-03,4,naomi,$2a$10$wNKXf02kjX26Y8.Nynqu5.kU29L40LSR.O90NHtFN2IwOubHt4pJq
2013-08-08T10:34:00,true,Breanna,Vaughn,1978-11-14,1709 Magna. Avenue,Innerleithen,OH,15398,1-303-234-4121,2009-05-12,1,breanna,$2a$10$wNKXf02kjX26Y8.Nynqu5.kU29L40LSR.O90NHtFN2IwOubHt4pJq
2013-08-08T10:34:00,true,Geraldine,Byers,1984-12-21,1960 Convallis,Hay-on-Wye,IA,70688,1-131-438-5739,1990-11-16,5,geraldine,$2a$10$wNKXf02kjX26Y8.Nynqu5.kU29L40LSR.O90NHtFN2IwOubHt4pJq
2013-08-08T10:34:00,true,Nigel,Fields,1988-05-24,197-9261 Senectus Av.,Dingwall,IN,19850,1-580-174-6718,2012-02-13,2,nigel,$2a$10$wNKXf02kjX26Y8.Nynqu5.kU29L40LSR.O90NHtFN2IwOubHt4pJq
2013-08-08T10:34:00,true,Idona,Ingram,1965-10-10,Ap #236-736 Id, Rugby,GA,66074,1-353-611-8813,1997-11-08,5,idona,$2a$10$wNKXf02kjX26Y8.Nynqu5.kU29L40LSR.O90NHtFN2IwOubHt4pJq
2013-08-08T10:34:00,true,Aquila,French,1965-08-26,1953 Ipsum Rd.,Crowsnest Pass,NJ,17895,1-849-583-2016,1997-06-01,4,aquila,$2a$10$wNKXf02kjX26Y8.Nynqu5.kU29L40LSR.O90NHtFN2IwOubHt4pJq
2013-08-08T10:34:00,true,Avye,Nielsen,1987-07-12,3647 Eget Rd.,Canberra,AL,55663,1-219-394-2425,2006-07-05,4,avye,$2a$10$wNKXf02kjX26Y8.Nynqu5.kU29L40LSR.O90NHtFN2IwOubHt4pJq
2013-08-08T10:34:00,true,Damian,Howell,1966-11-18,Ap #191-6230 Vulputate, Apeldoorn,IN,64387,1-562-354-9298,1995-01-18,2,damian,$2a$10$wNKXf02kjX26Y8.Nynqu5.kU29L40LSR.O90NHtFN2IwOubHt4pJq
2013-08-08T10:34:00,true,Hyacinth,Pearson,1983-10-31,6788 Ipsum St.,Turriff,CO,09055,1-103-872-7884,1990-11-24,3,hyacinth,$2a$10$wNKXf02kjX26Y8.Nynqu5.kU29L40LSR.O90NHtFN2IwOubHt4pJq
